trajectory,ANN_Prediction,ANN_Uncertainty,Actual_tdiss,RF_Prediction,ANN_Confidence,RF_Confidence,ANN_Weight,RF_Weight,Hybrid_Prediction,Final_Prediction
1,5.015653,0.6598202,3.0099999327,3.747354348875949,0.60247487,1.0,0.37596525238341416,0.6240347476165858,4.2241906214942295,3.747354348875949
2,3.0116777,0.68516773,2.5599999428,7.160742196521089,0.5934127,1.0,0.37241619720683355,0.6275838027931665,5.615563390403937,7.160742196521089
3,1.1034535,0.08144719,1.2599999718,1.3020596334655679,0.9246868,1.0,0.4804349437794925,0.5195650562205075,1.2066423150480212,1.3020596334655679
4,0.6072316,0.033326495,0.6499999855,0.6605813995514724,0.96774834,1.0,0.49180493375723067,0.5081950662427693,0.6343437132649354,0.6343437132649354
5,0.6072316,0.0335898,0.6499999855,0.662993541277888,0.96750176,1.0,0.49174124233600075,0.5082587576639993,0.6355731033455876,0.6355731033455876
6,0.6072316,0.033256337,0.669999985,0.6927072320936031,0.9678141,1.0,0.4918219123618688,0.5081780876381312,0.6506684516051123,0.6506684516051123
7,0.6102286,0.03959777,0.7499999832,0.7405587524231521,0.9619105,1.0,0.4902927493261816,0.5097072506738184,0.6766588227486894,0.6766588227486894
8,1.102783,0.06618119,1.1699999738,1.1511697493318063,0.9379269,1.0,0.4839846611594162,0.5160153388405838,1.1277512877702955,1.1511697493318063
9,2.4676437,0.15949015,4.8999998905,2.2758736249182503,0.86244804,1.0,0.46307226815970576,0.5369277318402943,2.364677046052389,2.2758736249182503
10,4.3128233,0.4449075,17.1299996171,3.5098077056539783,0.69208586,1.0,0.4090134417152867,0.5909865582847132,3.8382518758460757,3.5098077056539783
11,0.7850634,0.0891131,1.0199999772,1.013707942991129,0.91817826,1.0,0.478672018819645,0.521327981180355,0.9042621912865616,1.013707942991129
12,8.639059,0.49879187,4.7499998938,4.043884915646037,0.667204,1.0,0.40019338571655644,0.5998066142834436,5.882843217142524,4.043884915646037
13,0.6072316,0.033637945,0.6199999861,0.6505807163964497,0.9674567,1.0,0.49172960156924683,0.5082703984307532,0.6292646810090023,0.6292646810090023
14,0.76454115,0.07171011,1.0199999772,1.0376786322362455,0.9330881,1.0,0.48269300934140735,0.5173069906585926,0.9058370785562934,1.0376786322362455
15,2.1844869,0.15926552,2.0999999531,5.00403528827613,0.86261517,1.0,0.463120446386705,0.536879553613295,3.698244764341435,5.00403528827613
16,0.87424034,0.061267477,1.0899999756,0.991493727885888,0.9422695,1.0,0.48513839201801395,0.5148616079819861,0.9346096072472319,0.991493727885888
17,1.1380548,0.06290914,1.2499999721,1.2503928827337079,0.9408142,1.0,0.48475232636228,0.51524767363772,1.1959367589205296,1.2503928827337079
18,5.690148,0.48799828,3.7899999153,5.839999869500076,0.6720438,1.0,0.4019295428814241,0.5980704571185759,5.779769926549948,5.839999869500076
19,3.047843,0.29107353,3.9299999122,2.9328832956754685,0.7745492,1.0,0.436476594867089,0.563523405132911,2.9830605069881466,2.9328832956754685
20,1.2320529,0.07471199,1.33999997,1.3745400875429947,0.9304818,1.0,0.4819945961650742,0.5180054038349259,1.3058620438483328,1.3745400875429947
21,0.9288465,0.06703021,0.8399999812,0.8373071416818607,0.9371806,1.0,0.48378586333618223,0.5162141366638178,0.881592578755368,0.8373071416818607
22,0.6617623,0.082128204,0.8599999808,0.9016883183711876,0.9241049,1.0,0.48027782427898114,0.5197221757210189,0.786457170912831,0.9016883183711876
23,0.8203,0.09049988,1.1699999738,1.0703876081903527,0.91701066,1.0,0.4783544931236149,0.5216455068763851,0.9507570690176992,1.0703876081903527
24,1.0766077,0.10026767,1.4199999683,1.422011541053201,0.90886974,1.0,0.47612978649527005,0.52387021350473,1.2575544859398309,1.422011541053201
25,1.1643611,0.115310095,1.5099999662,1.6781375606303663,0.89661163,1.0,0.4727439272758654,0.5272560727241347,1.4352528680000018,1.6781375606303663
26,0.6583065,0.07493555,0.8099999819,0.9090900624008798,0.9302883,1.0,0.4819426754424536,0.5180573245575464,0.7882267514784356,0.9090900624008798
27,2.7188706,0.15239622,3.0499999318,2.5819248889916473,0.86775714,1.0,0.4645984867450978,0.5354015132549022,2.6455496775838556,2.5819248889916473
28,2.5370786,0.26509216,5.2199998833,2.967111551306483,0.79045624,1.0,0.4414831369660997,0.5585168630339004,2.7772592633545417,2.967111551306483
29,0.63067716,0.07815682,0.7099999841,0.7927323162580167,0.92750883,1.0,0.4811956324637661,0.5188043675362339,0.7147520845811737,0.7927323162580167
30,0.8383099,0.06821074,1.0199999772,0.9832906426081928,0.9361449,1.0,0.48350972802151615,0.5164902719784839,0.9131910354796908,0.9832906426081928
31,0.6072316,0.03384593,0.6999999844,0.7237825719480234,0.96726215,1.0,0.4916793368992784,0.5083206631007215,0.6664768756913574,0.6664768756913574
32,1.5901375,0.08556431,1.6899999622,1.6630219140327123,0.92117995,1.0,0.47948655206583035,0.5205134479341696,1.6280748088691677,1.6630219140327123
33,3.531746,0.41397008,6.8999998458,3.151734883954752,0.70722854,1.0,0.41425534088419946,0.5857446591158005,3.309156481355881,3.151734883954752
34,1.3577386,0.09971388,1.2999999709,1.591568588070845,0.9093274,1.0,0.47625535233790894,0.5237446476620911,1.4802058114217838,1.591568588070845
35,1.4762043,0.09103822,2.0199999548,1.760409704541242,0.91655815,1.0,0.4782313274249864,0.5217686725750136,1.6244937652291784,1.760409704541242
36,1.0858102,0.06047572,1.2499999721,1.1499220169883748,0.942973,1.0,0.4853248136262957,0.5146751863737042,1.1188069538244054,1.1499220169883748
37,0.82016027,0.06371901,0.9799999781,0.957319967552037,0.94009787,1.0,0.48456208510616205,0.515437914893838,0.8908575783863697,0.957319967552037
38,0.6844422,0.074110135,0.939999979,0.8474836178303549,0.9310032,1.0,0.48213447118853314,0.5178655288114669,0.7688757407269203,0.8474836178303549
39,0.9265901,0.068967395,1.0499999765,0.9990954038577187,0.93548226,1.0,0.483332904245762,0.516667095754238,0.9640511975352601,0.9990954038577187
40,3.3195872,0.50260335,8.5399998091,2.9864958625057607,0.66551167,1.0,0.399583912033537,0.6004160879664631,3.119593814466375,2.9864958625057607
41,2.9794328,0.258137,3.2399999276,2.715290459682391,0.79482603,1.0,0.44284293693210697,0.557157063067893,2.8322640388577147,2.715290459682391
42,1.6934441,0.16409472,2.0699999537,1.6789064355801937,0.8590366,1.0,0.4620869826565443,0.5379130173434556,1.685624116225519,1.6789064355801937
43,1.0027573,0.08760498,1.4599999674,1.250724388189498,0.9194515,1.0,0.4790178272543857,0.5209821727456143,1.131943737580003,1.250724388189498
44,0.615196,0.04592461,0.6799999848,0.8255483455715346,0.9560918,1.0,0.48877655477862225,0.5112234452213777,0.7227330457344855,0.8255483455715346
45,0.8955271,0.08642065,0.9299999792,0.9300457949005786,0.9204538,1.0,0.47928973514106266,0.5207102648589373,0.9135013504612866,0.9300457949005786
46,2.6647003,0.55422956,8.3999998122,10.319999769299896,0.6434056,1.0,0.39150749511157623,0.6084925048884238,7.322892637882284,10.319999769299896
47,2.093278,0.12673649,2.459999945,2.8058123255393834,0.88751894,1.0,0.4702039923627243,0.5297960076372757,2.4707758086315406,2.8058123255393834
48,1.5479248,0.105863765,1.7599999607,1.7838245410615843,0.90427047,1.0,0.4748645133770103,0.5251354866229897,1.6718041048992354,1.7838245410615843
49,3.003876,0.2202842,2.7499999385,3.1550254402594873,0.8194812,1.0,0.4503927804876323,0.5496072195123677,3.086948810458619,3.1550254402594873
50,1.9683731,0.21974397,11.3599997461,2.1792445543104946,0.8198442,1.0,0.4505024070055996,0.5494975929944004,2.084246438656761,2.1792445543104946
51,1.6012353,0.09930025,2.1099999528,1.734592571125486,0.9096696,1.0,0.4763492012017002,0.5236507987982998,1.6710679274982079,1.734592571125486
52,0.61523896,0.04582692,0.7899999823,0.9361197560579495,0.95618117,1.0,0.4887999045926488,0.5112000954073512,0.7792732557869884,0.9361197560579495
53,0.7491336,0.09285214,0.939999979,0.9272173017693865,0.9150369,1.0,0.4778168549846637,0.5221831450153364,0.8421259011986482,0.9272173017693865
54,0.87769467,0.06767811,1.209999973,1.0657446824013166,0.9366119,1.0,0.48363427656606967,0.5163657234339304,0.9747972489473422,1.0657446824013166
55,2.1277194,0.17066295,1.7699999604,1.6531723500468471,0.8542168,1.0,0.4606887433942695,0.5393112566057304,1.8717908352369028,1.6531723500468471
56,2.109765,0.15316154,2.1099999528,2.186317667570604,0.8671812,1.0,0.4644333342207722,0.5355666657792278,2.1507640814472424,2.186317667570604
57,1.0759307,0.11352575,1.3699999694,1.6209280427380564,0.8980484,1.0,0.4731430454898083,0.5268569545101917,1.363066347122433,1.6209280427380564
58,1.1660203,0.07310393,1.3599999696,1.341535986179023,0.9318762,1.0,0.48236848249930026,0.5176315175006998,1.2568727385187284,1.341535986179023
59,1.3264521,0.0922351,1.4399999678,2.5150568687517847,0.9155538,1.0,0.4779577604592245,0.5220422395407756,1.9469540126334979,2.5150568687517847
60,0.8503299,0.08614749,1.0099999774,1.0994638801711611,0.92068523,1.0,0.47935248134210073,0.5206475186578993,0.9800408770591582,1.0994638801711611
61,0.6072316,0.034052044,0.5599999875,0.648214516843606,0.9670693,1.0,0.4916295090104835,0.5083704909895165,0.6280661139028253,0.6280661139028253
62,0.9577524,0.14649542,1.1099999752,1.3614078356059003,0.87222326,1.0,0.465875666421124,0.534124333578876,1.173354593611938,1.3614078356059003
63,0.90856713,0.08800905,1.1299999747,1.0655266892391737,0.91911006,1.0,0.47892514297150907,0.521074857028491,0.9903548101607083,1.0655266892391737
64,1.1707647,0.07668395,1.3699999694,1.3823396069445895,0.92877764,1.0,0.48153691654069397,0.518463083459306,1.2804584712585771,1.3823396069445895
65,0.6194275,0.04764879,0.6999999844,0.7227033924236284,0.9545184,1.0,0.4883650052268314,0.5116349947731685,0.6722670617329324,0.7227033924236284
66,0.9081133,0.07862399,0.9999999776,1.0122338583667005,0.9271071,1.0,0.48108747966224386,0.5189125203377561,0.9621427617460646,1.0122338583667005
67,1.1204208,0.09307639,1.3599999696,1.4116105770023029,0.91484916,1.0,0.4777656539262882,0.5222343460737118,1.272490109254882,1.4116105770023029
68,0.8156462,0.0778821,0.939999979,0.9430855223235217,0.9277453,1.0,0.48125926749755016,0.5187407325024498,0.8817541537294339,0.9430855223235217
69,0.90089315,0.07518368,0.9699999783,0.9739370169275091,0.9300737,1.0,0.48188506421136196,0.518114935788638,0.9387382692710667,0.9739370169275091
70,1.3793111,0.09097966,1.7499999609,1.6376050594705887,0.9166073,1.0,0.4782447142908012,0.5217552857091988,1.514077331326021,1.6376050594705887
71,1.9087951,0.18777823,2.0299999546,1.7266193226369608,0.841908,1.0,0.45708471220456043,0.5429152877954396,1.8098890937828231,1.7266193226369608
72,2.0168009,0.17887951,1.5799999647,1.588424244016149,0.84826314,1.0,0.4589515010459964,0.5410484989540035,1.7850283443122978,1.588424244016149
73,2.0133855,0.21077462,8.7999998033,2.169098621615398,0.82591754,1.0,0.4523301425127848,0.5476698574872152,2.098664898632811,2.169098621615398
74,2.5431867,0.15096682,3.12999993,2.6746172013445624,0.86883473,1.0,0.4649072056364126,0.5350927943635875,2.61351419776266,2.6746172013445624
75,0.6151976,0.04848438,0.7699999828,0.7702855111082967,0.9537577,1.0,0.48816580566323503,0.511834194336765,0.6945768955131868,0.7702855111082967
76,0.76224697,0.0675027,0.939999979,0.8937260184244648,0.93676573,1.0,0.48367529210501153,0.5163247078949885,0.8301328495124619,0.8937260184244648
77,2.1724422,0.38183868,2.6999999397,1.941262605357756,0.72367346,1.0,0.41984371080572047,0.5801562891942795,2.0383219033111284,1.941262605357756
78,0.90944993,0.09271075,1.2199999727,1.2402224729267712,0.9151553,1.0,0.47784913087290787,0.5221508691270922,1.0821631031424426,1.2402224729267712
79,1.0851195,0.060283486,1.2199999727,1.1054860468305143,0.94314396,1.0,0.4853700916542932,0.5146299083457069,1.095600727263196,1.1054860468305143
80,1.393823,0.09824918,1.6599999629,1.6419288337107922,0.91054016,1.0,0.4765878157938537,0.5234121842061463,1.5236846294958135,1.6419288337107922
81,1.0970138,0.059927955,1.1999999732,1.083887362720047,0.94346035,1.0,0.4854538697253567,0.5145461302746434,1.0902596576096664,1.083887362720047
82,0.8401145,0.070461705,0.939999979,0.9579231949837371,0.9341763,1.0,0.48298405545450807,0.5170159445454919,0.9010234612983417,0.9579231949837371
83,3.2430573,0.21051198,3.669999918,3.1326088387743014,0.8260968,1.0,0.4523838962398839,0.547616103760116,3.182573921819869,3.1326088387743014
84,0.8192343,0.096036606,0.9099999797,0.9300457949005786,0.9123783,1.0,0.47709091126698894,0.522909088733011,0.8771786433446309,0.9300457949005786
85,0.76582503,0.07672663,0.8899999801,1.0624660085304258,0.9287408,1.0,0.4815270147771706,0.5184729852228294,0.9196253652131348,1.0624660085304258
86,1.5629131,0.12847596,2.7699999381,1.6173219919076502,0.88615096,1.0,0.46981974229722184,0.5301802577027781,1.5917596016285949,1.6173219919076502
87,1.304474,0.10381606,1.4399999678,1.5228257988653828,0.90594804,1.0,0.4753267258563804,0.5246732741436196,1.4190373514017427,1.5228257988653828
88,1.1788343,0.081770636,1.429999968,1.5236743298927706,0.92441034,1.0,0.4803603069641291,0.5196396930358709,1.3580268764618957,1.5236743298927706
89,0.72858983,0.07927326,1.0499999765,0.9297368971504403,0.92654943,1.0,0.4809372746900143,0.5190627253099857,0.8329977762015441,0.9297368971504403
90,1.5049381,0.16959484,1.5399999656,1.2543035211964166,0.8549969,1.0,0.46091554685793995,0.5390844531420601,1.369824906951389,1.2543035211964166
91,0.7639939,0.07363715,0.9099999797,0.8842042624397943,0.9314134,1.0,0.4822444569670044,0.5177555430329955,0.8262334905955657,0.8842042624397943
92,0.69799757,0.19532953,0.759999983,0.8941286701817428,0.8365894,1.0,0.45551248298721536,0.5444875170127846,0.8047885057641803,0.8941286701817428
93,1.2929119,0.10860624,1.5299999658,1.6677036188623942,0.90203357,1.0,0.47424692333273205,0.5257530766672679,1.4899597932162,1.6677036188623942
94,1.0299896,0.077260576,1.1499999743,1.1685165968323474,0.9282805,1.0,0.4814032428741853,0.5185967571258147,1.1018292514190464,1.1685165968323474
95,2.2397995,0.33560768,1.9399999566,10.319999769299898,0.74872285,1.0,0.4281540958476655,0.5718459041523345,6.860428928520678,10.319999769299898
96,0.83634317,0.07734036,1.3299999703,1.5867788107267133,0.92821175,1.0,0.481384759362628,0.518615240637372,1.2255305300191779,1.5867788107267133
97,0.89869016,0.068087846,1.029999977,0.9779623799853541,0.9362526,1.0,0.48353845820437097,0.5164615417956291,0.9396312149324851,0.9779623799853541
98,1.0550573,0.059607483,1.0699999761,0.9684666514272855,0.9437457,1.0,0.4855294012773315,0.5144705987226684,1.010508950978094,0.9684666514272855
99,1.0622327,0.07319283,1.1399999745,1.1836544540654854,0.931799,1.0,0.4823477997318684,0.5176522002681315,1.1250869539603154,1.1836544540654854
100,0.60878205,0.03818095,0.7499999832,0.6625625879202685,0.9632232,1.0,0.4906335711783133,0.5093664288216867,0.6361760520094026,0.6361760520094026
101,1.2142271,0.08780759,1.5999999642,1.6150377595556387,0.9192803,1.0,0.4789713597874298,0.5210286402125702,1.4230609235168694,1.6150377595556387
102,0.9055117,0.070012726,1.2199999727,1.087029867358502,0.93456835,1.0,0.483088823249926,0.5169111767500739,0.9993404585078565,1.087029867358502
103,1.1722697,0.093962036,1.4599999674,1.4141949324162864,0.91410846,1.0,0.4775635637086325,0.5224364362913675,1.2986602572074528,1.4141949324162864
104,0.9238262,0.09167739,1.1399999745,1.1742723702707043,0.9160215,1.0,0.4780851955453681,0.5219148044546319,1.0545377724221034,1.1742723702707043
105,0.6253205,0.054611422,0.7799999826,0.7545661591211109,0.9482165,1.0,0.4867100237171365,0.5132899762828634,0.6916609984698313,0.7545661591211109
106,0.72722083,0.10798625,0.7699999828,0.7399243395105063,0.9025383,1.0,0.47438640250712294,0.5256135974928771,0.7338979689008098,0.7399243395105063
107,0.7672133,0.06656217,0.8699999806,0.8234334512038817,0.93759185,1.0,0.48389543462984747,0.5161045653701525,0.7962287694288509,0.8234334512038817
108,1.3826567,0.13712335,1.3599999696,1.6145720398122831,0.87941206,1.0,0.4679187050379334,0.5320812949620666,1.5060545112680237,1.6145720398122831
109,2.7258208,0.2006068,5.3399998806,3.1593627982789907,0.83291215,1.0,0.4544201141270657,0.5455798858729343,2.9623525847630776,3.1593627982789907
110,0.984822,0.0884226,1.2299999725,1.5413610858724984,0.91876084,1.0,0.47883030486496964,0.5211696951350303,1.2748732938548324,1.5413610858724984
111,1.7596941,0.10187489,2.1299999524,1.9283425316893115,0.9075441,1.0,0.47576571763162145,0.5242342823683785,1.8481053892862376,1.9283425316893115
112,1.4668791,0.1573346,1.209999973,1.8999999575000006,0.8640544,1.0,0.463534964570645,0.536465035429355,1.6992333097963965,1.8999999575000006
113,1.7466575,0.10406113,1.9999999553,1.8237451621805407,0.90574694,1.0,0.47527135912382423,0.5247286408761758,1.7871075997986872,1.8237451621805407
114,1.9903549,0.14113063,1.9099999573,2.0365270740146126,0.8763238,1.0,0.4670429539995724,0.5329570460004276,2.014962683411397,2.0365270740146126
115,1.5817044,0.09339242,1.8399999589,1.7318721322530977,0.91458476,1.0,0.4776935328040787,0.5223064671959212,1.66013796727185,1.7318721322530977
116,0.8709876,0.07670597,1.5799999647,1.9349024278617375,0.9287587,1.0,0.48153182150572876,0.5184681784942712,1.4225935800468001,1.9349024278617375
117,1.4197085,0.08966967,1.5299999658,1.5728954423262862,0.9177093,1.0,0.47854452981854223,0.5214554701814578,1.499588664428845,1.5728954423262862
118,0.6072316,0.033680882,0.669999985,0.6247771311555942,0.9674165,1.0,0.4917192229757283,0.5082807770242718,0.6161496645554506,0.6161496645554506
119,0.9976442,0.08746004,1.2599999718,1.2258627491303833,0.919574,1.0,0.4790510871753636,0.5209489128246364,1.1165343983587057,1.2258627491303833
120,3.234625,0.16103074,3.9999999106,3.116473326839205,0.8613036,1.0,0.4627421419964773,0.5372578580035228,3.1711471319364604,3.116473326839205
121,1.2992764,0.06873954,1.4399999678,1.5069541018810872,0.9356817,1.0,0.48338613748581616,0.5166138625141838,1.406565556489863,1.5069541018810872
122,1.7176186,0.08553195,1.7399999611,1.9134972641250076,0.92120737,1.0,0.47949398047207675,0.5205060195279232,1.8195746164057098,1.9134972641250076
123,1.503552,0.1273486,1.699999962,1.6781375606303663,0.88703704,1.0,0.470068695294781,0.529931304705219,1.5960703351207777,1.6781375606303663
124,0.69681704,0.094070435,0.8199999817,0.914365003435328,0.9140179,1.0,0.47753885071611474,0.5224611492838852,0.8104773992125405,0.914365003435328
125,3.3115463,0.7080604,3.7899999153,3.899612968846239,0.5854594,1.0,0.3692679907344454,0.6307320092655546,3.682458781107619,3.899612968846239
126,1.7323873,0.14540383,1.8899999578,1.9235632792533688,0.8730545,1.0,0.46611270646219016,0.5338872935378098,1.834453728160117,1.9235632792533688
127,0.6072316,0.03353991,0.759999983,0.6987630286968225,0.96754855,1.0,0.4917533290758339,0.5082466709241661,0.6537521522670533,0.6537521522670533
128,1.8989155,0.17429233,1.9599999562,3.116473326839205,0.8515767,1.0,0.4599197496856681,0.5400802503143318,2.5564944493446493,3.116473326839205
129,0.6630413,0.06637531,0.8099999819,0.8134572144561509,0.9377562,1.0,0.48393920250270117,0.5160607974972988,0.7406650536835091,0.8134572144561509
130,0.6862937,0.07922647,0.9699999783,0.8971005829567246,0.92658955,1.0,0.48094808220411783,0.5190519177958821,0.7957134270788955,0.8971005829567246
131,0.81056386,0.07714923,1.0099999774,0.8957560708755916,0.92837644,1.0,0.4814290502568125,0.5185709497431875,0.8547420668232035,0.8957560708755916
132,1.1171186,0.0620852,1.2599999718,1.1988317353922249,0.9415441,1.0,0.48494603239023626,0.5150539676097637,1.1592052731496196,1.1988317353922249
133,0.9948637,0.075108774,1.2799999714,1.5101642899630598,0.93013847,1.0,0.4819024561219306,0.5180975438780694,1.261839664691721,1.5101642899630598
134,1.5552818,0.08801221,1.879999958,1.6679283421342592,0.9191073,1.0,0.4789243985159242,0.5210756014840757,1.613979144730591,1.6679283421342592
135,1.4825363,0.095310494,1.6199999638,1.6305298432531097,0.9129832,1.0,0.4772562503793481,0.5227437496206518,1.5598990073167267,1.6305298432531097
136,0.6072316,0.03550642,0.5999999866,0.6742883381723281,0.9657111,1.0,0.49127824965826905,0.508721750341731,0.6413448295541305,0.6413448295541305
137,0.90793,0.08914327,1.1999999732,1.1741636628828722,0.91815287,1.0,0.47866511773232034,0.5213348822676797,1.046726903201153,1.1741636628828722
138,1.2138091,0.08668343,1.5299999658,1.440203536307406,0.9202312,1.0,0.47922938239578966,0.5207706176042104,1.331708686029336,1.440203536307406
139,0.6536711,0.06321791,0.8699999806,1.293380573869472,0.94054097,1.0,0.4846797796164405,0.5153202203835595,0.9833263201901372,1.293380573869472
140,1.3595082,0.09635237,1.6499999631,1.6206165855885897,0.9121155,1.0,0.477019043811599,0.522980956188401,1.4960628925454635,1.6206165855885897
141,0.8916395,0.09542297,1.119999975,1.24830175984064,0.91288936,1.0,0.4772306123978974,0.5227693876021026,1.0780915973437928,1.24830175984064
142,1.190367,0.07250048,1.2199999727,1.2865103529651927,0.9324005,1.0,0.48250893784113846,0.5174910621588615,1.240120317842432,1.2865103529651927
143,3.5110435,0.3047725,10.5399997644,2.295686702232617,0.76641715,1.0,0.4338823066692645,0.5661176933307356,2.823008534153831,2.295686702232617
144,2.1384306,0.2256616,2.2699999493,2.2340786363975,0.81588584,1.0,0.4493045890025996,0.5506954109974004,2.191103532647293,2.2340786363975
145,3.7648573,0.6236363,7.6699998286,3.2762455066742047,0.6159015,1.0,0.38115040949890355,0.6188495905010964,3.462480088803935,3.2762455066742047
146,1.2978532,0.084511116,1.5699999649,1.3031448997067745,0.92207444,1.0,0.47972878642138456,0.5202712135786155,1.3006063341062388,1.3031448997067745
147,1.1519102,0.08757704,5.6299998742,1.3694297658671704,0.91947514,1.0,0.4790242498559704,0.5209757501440296,1.2652326122031687,1.3694297658671704
148,0.76799273,0.09703305,3.0999999307,0.8264225971526238,0.91154957,1.0,0.47686420658499656,0.5231357934150035,0.798559487252975,0.8264225971526238
149,0.9356518,0.08930802,1.1099999752,1.1938321937897582,0.918014,1.0,0.47862736911585174,0.5213726308841483,1.0702599811853633,1.1938321937897582
150,0.8876977,0.109627046,0.939999979,1.2918159943119552,0.90120375,1.0,0.47401744858890077,0.5259825514110993,1.1002568699431108,1.2918159943119552
151,0.6072316,0.03348319,0.6999999844,0.6560140086947576,0.96760166,1.0,0.4917670472139517,0.5082329527860483,0.6320244359621459,0.6320244359621459
152,0.7906461,0.07456459,0.8999999799,0.8808517146645056,0.9306095,1.0,0.4820288683759278,0.5179711316240723,0.8373699928354852,0.8808517146645056
153,4.0655,0.28770688,2.459999945,3.984339910938981,0.77657425,1.0,0.43711893959498715,0.5628810604050128,4.019816427960612,3.984339910938981
154,2.244884,0.4017192,0.8999999799,0.9663009895366095,0.71340966,1.0,0.41636841320904394,0.5836315867909561,1.4986625746424291,0.9663009895366095
155,3.0394518,0.19005753,4.3999999017,2.245162100354497,0.8402955,1.0,0.4566090046537599,0.5433909953462401,2.6078419466573166,2.245162100354497
156,0.9159742,0.08202619,1.1899999734,1.1462378894679166,0.924192,1.0,0.4803013451370143,0.5196986548629857,1.0356419295706987,1.1462378894679166
157,0.9837621,0.09350878,1.1999999732,1.3615037013704352,0.9144874,1.0,0.4776669782400988,0.5223330217599012,1.1810690051323491,1.3615037013704352
158,1.1064042,0.086122945,1.429999968,1.529615798981258,0.92070603,1.0,0.47935812016472146,0.5206418798352785,1.3267458754127852,1.529615798981258
159,1.1226892,0.06487535,1.1999999732,1.2222208078522674,0.939077,1.0,0.48429072705987036,0.5157092729401296,1.1740185959453295,1.2222208078522674
160,1.0666777,0.08779099,1.3099999707,1.336804679119471,0.9192943,1.0,0.4789751622766353,0.5210248377233647,1.2074205604562396,1.336804679119471
161,1.2698606,0.09706952,1.519999966,1.5352427573107588,0.9115193,1.0,0.476855919924096,0.5231440800759041,1.408693716603628,1.5352427573107588
162,1.4091659,0.13261935,6.3199998587,1.7873770471137673,0.8829091,1.0,0.4689069218261124,0.5310930781738876,1.6100312031994346,1.7873770471137673
163,0.8393519,0.060542066,1.0099999774,0.9696516721064057,0.942914,1.0,0.4853091823316528,0.5146908176683471,0.9064159925937045,0.9696516721064057
164,0.9093026,0.08488508,1.0799999759,1.1512718341086232,0.92175657,1.0,0.4796427300338304,0.5203572699661696,1.03521304637254,1.1512718341086232
165,1.107047,0.090283275,1.3599999696,1.43843226592683,0.9171928,1.0,0.47840405447409895,0.521595945525901,1.2798961928319412,1.43843226592683
166,0.7974694,0.05904713,1.2399999723,0.8680528848465783,0.94424504,1.0,0.4856615399745774,0.5143384600254226,0.8337731899804285,0.8680528848465783
167,1.0284785,0.07844421,1.3099999707,1.212764727212648,0.92726165,1.0,0.48112909333911874,0.5188709066608812,1.124099263351656,1.212764727212648
168,1.2944201,0.08081975,1.4599999674,1.4663849791051107,0.92522365,1.0,0.48057982730778703,0.519420172692213,1.383742138303301,1.4663849791051107
169,3.1250567,0.44190827,3.219999928,2.858228383545019,0.69352543,1.0,0.40951580637942786,0.5904841936205721,2.967498814586773,2.858228383545019
170,1.5194623,0.08382374,1.7399999611,1.670817708144563,0.9226593,1.0,0.47988704421724737,0.5201129557827526,1.5981842312731682,1.670817708144563
171,1.00319,0.067787044,1.1599999741,1.020479521904815,0.93651634,1.0,0.48360879947347674,0.5163912005265232,1.012118176601854,1.020479521904815
172,1.3367126,0.099300794,1.3499999698,1.0851914105447817,0.90966916,1.0,0.47634908679228133,0.5236509132077186,1.2050032988793782,1.0851914105447817
173,1.4392904,0.09908808,2.0499999542,1.7449491272596052,0.9098452,1.0,0.4763973467853093,0.5236026532146907,1.5993341226292785,1.7449491272596052
174,0.9134941,0.09140723,1.1399999745,1.1620127910903393,0.9162483,1.0,0.47814696625545205,0.521853033744548,1.0431843377205507,1.1620127910903393
175,4.0230846,0.33182052,11.4199997447,2.861978836261966,0.7508519,1.0,0.4288494741734654,0.5711505258265346,3.359918449870462,2.861978836261966
176,0.78465515,0.07320298,0.939999979,0.9053617373306727,0.9317902,1.0,0.4823454358817776,0.5176545641182224,0.8471394676603153,0.9053617373306727
177,0.7306746,0.07402564,0.8299999814,0.8815061295940286,0.93107647,1.0,0.4821541160748164,0.5178458839251836,0.8087820985517264,0.8815061295940286
178,1.515703,0.10078479,3.8299999144,1.6281090821278437,0.9084428,1.0,0.47601258865344026,0.5239874113465597,1.5746023543219845,1.6281090821278437
179,2.7135725,0.62962633,2.5199999437,7.147297442117155,0.6136376,1.0,0.3802821750179251,0.6197178249820748,5.461230878509989,7.147297442117155
180,0.9000091,0.06895681,1.0199999772,0.9829944929539536,0.93549144,1.0,0.48333535455204424,0.5166646454479558,0.9428847165344881,0.9829944929539536
181,2.2909453,0.40394545,18.3599995896,2.2347025050773004,0.71227837,1.0,0.41598280991882836,0.5840171900811717,2.258098537419052,2.2347025050773004
182,1.051871,0.08174714,1.2399999723,1.2345001435353011,0.92443043,1.0,0.48036573084455975,0.5196342691554403,1.1467713337218564,1.2345001435353011
183,2.313167,0.24409427,2.5299999435,2.055244414780938,0.8037976,1.0,0.4456140763637034,0.5543859236362966,2.1701783917821444,2.055244414780938
184,2.7127485,0.22698477,9.3999997899,3.145559554561987,0.8150061,1.0,0.44903765749735747,0.5509623425026425,2.951211104843106,3.145559554561987
185,0.7931974,0.07486584,0.8699999806,0.9079906631702869,0.9303487,1.0,0.48195887979195373,0.5180411202080463,0.8526650274725099,0.9079906631702869
186,0.612082,0.04105018,0.7999999821,0.7825413132690268,0.9605685,1.0,0.48994385745657243,0.5100561425434276,0.6990258220144345,0.7825413132690268
187,0.8729804,0.07789482,1.1099999752,1.2809779287434233,0.9277343,1.0,0.48125631628085014,0.5187436837191498,1.0846265486226656,1.2809779287434233
188,4.72763,1.0221678,9.5899997856,2.9335435695186414,0.49451885,1.0,0.3308883307202872,0.6691116692797128,3.527185879462561,2.9335435695186414
189,1.1416347,0.06406581,1.609999964,1.2164205066275657,0.9397915,1.0,0.48448067758468677,0.5155193224153132,1.1801882296585422,1.2164205066275657
190,1.0071936,0.07112745,1.0799999759,1.0484868307990916,0.9335958,1.0,0.4828288248642416,0.5171711751357584,1.0285492519765054,1.0484868307990916
191,0.9497164,0.07063803,1.1299999747,0.9524901543843236,0.9340225,1.0,0.4829429300174716,0.5170570699825284,0.9511505840889951,0.9524901543843236
192,0.6073164,0.035470873,0.7699999828,0.7937421535744101,0.96574426,1.0,0.4912868261206373,0.5087131738793627,0.702153624402821,0.702153624402821
193,0.6072316,0.03386062,0.7399999835,0.6639794236735568,0.96724844,1.0,0.4916757945898543,0.5083242054101458,0.6360779007232602,0.6360779007232602
194,0.98772657,0.08269459,1.2799999714,1.339067657360678,0.92362154,1.0,0.4801472214525733,0.5198527785474266,1.1703722100865468,1.339067657360678
195,0.6072316,0.0332198,0.5899999868,0.6190611890217961,0.96784824,1.0,0.4918307321683785,0.5081692678316214,0.6132430419402294,0.6132430419402294
196,0.6091609,0.03829058,0.7199999839,0.731585768130872,0.9631215,1.0,0.4906071716133791,0.5093928283866209,0.6715232498989381,0.6715232498989381
197,4.2095904,0.21593626,5.4699998777,3.796067665665581,0.8224115,1.0,0.4512765024199026,0.5487234975800974,3.9826807746944795,3.796067665665581
198,0.8502241,0.06997621,0.9999999776,0.9936534965659896,0.93460023,1.0,0.48309734362224527,0.5169026563777548,0.9243631253153055,0.9936534965659896
199,3.4329379,0.3749461,5.0899998862,2.9329081947102527,0.72730124,1.0,0.4210621883077531,0.5789378116922469,3.1434517800018007,2.9329081947102527
200,0.6072316,0.033332102,0.6099999864,0.6250497689431197,0.9677431,1.0,0.4918035791143381,0.508196420885662,0.616286738031443,0.616286738031443
201,1.1440805,0.076130606,1.6199999638,1.3133371587962517,0.9292552,1.0,0.4816652527497386,0.5183347472502614,1.2318121169349248,1.3133371587962517
202,0.76915884,0.06034843,1.0599999763,0.8093953621141057,0.94308627,1.0,0.4853548104211656,0.5146451895788344,0.7898663726385006,0.8093953621141057
203,0.6072316,0.03340703,0.6899999846,0.6491805337155505,0.967673,1.0,0.4917854754661741,0.5082145245338259,0.6285506657504556,0.6285506657504556
204,0.61342406,0.04390939,0.7499999832,0.7336811051558952,0.95793754,1.0,0.4892584772122621,0.5107415227877379,0.6748443277040043,0.7336811051558952
205,1.6586307,0.083106205,1.6399999633,2.1613040217558996,0.9232705,1.0,0.48005234429779536,0.5199476557022047,1.9199945290189007,2.1613040217558996
206,1.2239782,0.090476915,1.3499999698,1.452567389766966,0.91703,1.0,0.47835974811104115,0.5216402518889589,1.3432195042614492,1.452567389766966
207,0.610625,0.039225593,0.7699999828,0.8213636798773056,0.962255,1.0,0.4903822390791872,0.5096177609208128,0.7180211882084289,0.7180211882084289
208,1.1222,0.09140779,1.4199999683,1.5267545654211785,0.91624784,1.0,0.4781468363980757,0.5218531636019244,1.333318085651397,1.5267545654211785
209,0.93966806,0.07271425,1.0899999756,1.0524912334749685,0.93221474,1.0,0.48245917967458246,0.5175408203254175,0.9980586574379001,1.0524912334749685
210,2.921179,0.31369495,19.2599995695,2.668726056821808,0.76121175,1.0,0.43220910355713354,0.5677908964428665,2.7778385413593636,2.668726056821808
211,1.0264367,0.07740086,1.1899999734,1.187239902222034,0.9281596,1.0,0.4813707315339043,0.5186292684660957,1.1098339406445237,1.187239902222034
212,1.1725162,0.15972564,1.4399999678,1.9204112816279697,0.8622729,1.0,0.4630217782721699,0.53697822172783,1.574119583365973,1.9204112816279697
213,4.142852,0.3674275,4.2599999048,3.116473326839205,0.73130023,1.0,0.42239943142003356,0.5776005685799664,3.550015022797039,3.116473326839205
214,0.83788025,0.092026204,2.3799999468,1.469729438086008,0.9157289,1.0,0.47800548079410343,0.5219945192058966,1.1677020649580974,1.469729438086008
215,0.6074614,0.034286156,0.6999999844,0.6653919186574021,0.9668504,1.0,0.4915729228746934,0.5084270771253067,0.6369148407770842,0.6369148407770842
216,0.63563305,0.061945252,0.7699999828,0.8832690167926629,0.94166815,1.0,0.48497893496721767,0.5150210650327823,0.7631707900347275,0.8832690167926629
217,3.0476382,0.28707087,3.6599999182,1.9243281414532125,0.776958,1.0,0.4372404939580862,0.5627595060419138,2.4154847766449095,1.9243281414532125
218,0.80920976,0.06329675,0.9299999792,0.9505418940373371,0.9404712,1.0,0.48466124400197275,0.5153387559980273,0.882043688077812,0.9505418940373371
219,0.77976143,0.06514767,0.9099999797,0.914365003435328,0.938837,1.0,0.48422688228248845,0.5157731177175116,0.8491863364705419,0.914365003435328
220,1.5076957,0.15541066,1.609999964,2.6214271715278574,0.8654932,1.0,0.46394872326735487,0.5360512767326452,2.1047128656029783,2.6214271715278574
221,0.7843145,0.09325233,1.0399999768,0.9207454630259809,0.91470194,1.0,0.4777254987708636,0.5222745012291363,0.855568919475678,0.9207454630259809
222,0.8332867,0.06650291,0.9199999794,0.8989744069198534,0.93764395,1.0,0.483909310341359,0.516090689658641,0.8671875152404487,0.8989744069198534
223,0.70102173,0.079746775,0.8799999803,0.9376472463980935,0.9261431,1.0,0.4808277770675883,0.5191722229324117,0.823871125783582,0.9376472463980935
224,1.0943257,0.08650543,1.3699999694,1.4113072828700004,0.92038196,1.0,0.4792702602215368,0.5207297397784632,1.259387418786875,1.4113072828700004
225,0.6072316,0.033255965,0.6299999859,0.6560140086947576,0.96781445,1.0,0.49182200471744975,0.5081779952825503,0.6320217550036822,0.6320217550036822
226,3.823179,0.262601,2.8099999372,2.883972484640539,0.79201585,1.0,0.44196922159117913,0.5580307784088209,3.2990728600539514,2.883972484640539
227,0.6129821,0.046120238,0.7499999832,0.7630823486320034,0.955913,1.0,0.48872981758978995,0.51127018241021,0.6897238787062152,0.7630823486320034
228,5.096346,0.7959443,3.9699999113,5.839999869500076,0.55681014,1.0,0.35766091579520454,0.6423390842047955,5.574023910266589,5.839999869500076
229,0.6072316,0.033288043,0.6399999857,0.6625679554560125,0.9677844,1.0,0.49181424673162344,0.5081857532683766,0.6353527558285349,0.6353527558285349
230,0.6072316,0.033246998,0.5699999873,0.5948840358599866,0.9678228,1.0,0.49182415967147614,0.5081758403285238,0.6009568745653011,0.6009568745653011
231,1.2342092,0.095726795,1.4699999671,1.5219781780589077,0.9126362,1.0,0.47716142290664154,0.5228385770933585,1.384665913418599,1.5219781780589077
232,1.753043,0.090417325,2.0499999542,2.0173047292117126,0.91708004,1.0,0.4783733716594577,0.5216266283405423,1.8908889813743073,2.0173047292117126
233,2.2715638,0.13911478,2.2399999499,2.7738272481909765,0.8778747,1.0,0.4674830995430037,0.5325169004569963,2.539027559864884,2.7738272481909765
234,1.7166542,0.15440252,2.1599999517,1.7787581972910613,0.86624897,1.0,0.4641658114147278,0.5358341885852722,1.7499316364001962,1.7787581972910613
235,2.073496,0.14370947,2.2599999495,4.624961487491714,0.874348,1.0,0.46648114004742236,0.5335188599525776,3.4347510062762447,4.624961487491714
236,2.0790746,0.11434074,2.3299999479,1.697583048448481,0.89739156,1.0,0.4729606569897328,0.5270393430102672,1.8780135533333515,1.697583048448481
237,1.2640127,0.11202181,1.5099999662,1.499127774200299,0.89926296,1.0,0.47347996640131784,0.5265200335986822,1.387805494096515,1.499127774200299
238,0.9720665,0.08755565,1.4699999671,1.2402224729267712,0.9194932,1.0,0.4790291516342568,0.5209708483657433,1.111767955078392,1.2402224729267712
239,3.553958,0.24676178,4.8399998918,1.087724743820782,0.80207783,1.0,0.445085010512555,0.554914989487445,2.185408171489386,1.087724743820782
240,0.7820797,0.088808134,0.8799999803,0.8957560708755916,0.9184354,1.0,0.47874189418661933,0.5212581058133807,0.8413344281570896,0.8957560708755916
241,0.63149226,0.058319636,0.7699999828,0.7847706614435935,0.9448941,1.0,0.48583318101908224,0.5141668189809178,0.7103029266886707,0.7847706614435935
242,0.78325003,0.083216034,1.0199999772,0.9281168341992746,0.9231768,1.0,0.48002701208933257,0.5199729879106675,0.858576856879281,0.9281168341992746
243,1.2841482,0.09643066,1.5599999651,1.667879190950651,0.91205037,1.0,0.47700122466861533,0.5229987753313847,1.4848390460739946,1.667879190950651
244,3.2632477,0.23790541,12.4599997215,2.948486259979627,0.8078162,1.0,0.44684642393306484,0.5531535760669352,3.089136296511856,2.948486259979627
245,1.9155241,0.26836166,2.1599999517,2.343297272700421,0.78841865,1.0,0.44084680639550766,0.5591531936044923,2.1547148467186608,2.343297272700421
246,0.80876565,0.07038542,0.939999979,0.9261601022228237,0.9342429,1.0,0.48300185161040676,0.5169981483895932,0.8694583643316521,0.9261601022228237
247,1.0099304,0.09408309,1.2899999712,1.1644954725971106,0.91400737,1.0,0.4775359709065679,0.5224640290934321,1.0906850773289278,1.1644954725971106
248,1.3998475,0.14726083,10.0599997751,1.8253287626983816,0.8716414,1.0,0.46570961651711484,0.5342903834828852,1.6271780504939213,1.8253287626983816
249,0.615916,0.052940406,0.669999985,0.8453778274097601,0.9497214,1.0,0.48710620806271376,0.5128937919372862,0.7336055534470041,0.8453778274097601
250,0.93737733,0.08726901,1.1099999752,1.1019341290979223,0.91973555,1.0,0.4790949203699549,0.5209050796300451,1.023095804282178,1.1019341290979223
251,1.2206737,0.09969023,1.4399999678,1.6207125289558615,0.909347,1.0,0.4762607314517693,0.5237392685482307,1.4301897342885077,1.6207125289558615
252,0.8906559,0.079663135,1.0999999754,1.1356756904030512,0.9262148,1.0,0.48084710353422316,0.5191528964657769,1.0178586219570556,1.1356756904030512
253,1.0899084,0.14761882,1.2499999721,1.8138765521340345,0.8713695,1.0,0.4656319822960425,0.5343680177039575,1.476773808379534,1.8138765521340345
254,1.250817,0.08225011,1.4999999665,1.461150628885656,0.9240008,1.0,0.48024969626892117,0.5197503037310788,1.3601379392889328,1.461150628885656
255,1.7303233,0.132222,2.0899999533,1.984178217124346,0.88321906,1.0,0.4689943302415214,0.5310056697584786,1.8651217071677182,1.984178217124346
256,0.97516185,0.08775253,1.2399999723,1.2925769982329292,0.9193267,1.0,0.47898396442168073,0.5210160355783192,1.1405402323815286,1.2925769982329292
257,0.7905858,0.09875604,0.8399999812,0.871804432354579,0.9101201,1.0,0.4764727178614025,0.5235272821385974,0.8331059774346317,0.871804432354579
258,0.7674817,0.0885909,1.029999977,1.015798525964901,0.9186188,1.0,0.4787917219882195,0.5212082780117805,0.8969064779297037,1.015798525964901
259,0.7238557,0.07053436,1.1899999734,1.1402239701251033,0.93411297,1.0,0.4829671184942318,0.5170328815057682,0.9391317740420722,1.1402239701251033
260,1.1942966,0.07986702,1.4799999669,1.2313087105444016,0.92603993,1.0,0.480799965636747,0.519200034363253,1.2135132883137927,1.2313087105444016
261,0.6072316,0.03321414,0.5499999877,0.5333016692855267,0.9678536,1.0,0.4918321174504821,0.5081678825495178,0.5696627920000914,0.5696627920000914
262,1.27206,0.19721049,1.2999999709,3.116473326839205,0.835275,1.0,0.4551225276507061,0.5448774723492938,2.277039288179944,3.116473326839205
263,1.027742,0.096196696,1.2199999727,1.3561134585673416,0.9122451,1.0,0.47705448285275404,0.522945517147246,1.1994623956871902,1.3561134585673416
264,0.9191779,0.06801703,0.9899999779,1.0484688188946751,0.9363147,1.0,0.48355502390724364,0.5164449760927563,0.9859495405968732,1.0484688188946751
265,0.828645,0.07542883,0.9699999783,1.2550964839272496,0.9298616,1.0,0.4818281283370764,0.5181718716629236,1.0496201592255063,1.2550964839272496
266,0.6592461,0.07752159,0.8899999801,0.9801472578152253,0.9280557,1.0,0.48134278583751705,0.5186572141624829,0.8256837943122577,0.9801472578152253
267,0.8939923,0.089968175,1.0899999756,1.167580959928018,0.91745794,1.0,0.4784761740631825,0.5215238259368175,1.0366753069562011,1.167580959928018
268,1.8104256,0.16710809,1.9199999571,2.0365270740146126,0.8568187,1.0,0.46144445177760524,0.5385555482223947,1.9321938213585474,2.0365270740146126
269,0.6122099,0.04561788,0.9099999797,1.0805597583982776,0.9563724,1.0,0.48884986820923537,0.5111501317907646,0.8516069997221869,1.0805597583982776
270,0.7080674,0.081254356,0.8599999808,0.8941286701817428,0.9248518,1.0,0.4804794774849573,0.5195205225150428,0.8047300565423443,0.8941286701817428
271,0.60843736,0.03580623,0.8599999808,0.7735129546621766,0.9654316,1.0,0.49120589352914545,0.5087941064708545,0.6924268493586716,0.6924268493586716
272,1.2581682,0.110332094,1.4999999665,1.104489188110296,0.9006314,1.0,0.4738590631556685,0.5261409368443315,1.1773113904346373,1.104489188110296
273,0.9945399,0.088850446,1.209999973,1.2230361368808347,0.91839975,1.0,0.4787322092897567,0.5212677907102433,1.1136476364909071,1.2230361368808347
274,1.9323983,0.39077935,0.8299999814,1.0006437663830525,0.7190213,1.0,0.4182736489850762,0.5817263510149238,1.39037214316682,1.0006437663830525
275,1.8993907,0.14623417,2.3999999464,2.14925162261324,0.8724221,1.0,0.4659323875351236,0.5340676124648763,2.032833325213824,2.14925162261324
276,0.6364435,0.06534139,0.8599999808,0.7958695408618408,0.9386663,1.0,0.48418146629484266,0.5158185337051574,0.718678404574209,0.7958695408618408
277,0.967865,0.079153754,1.1299999747,1.2120462241375085,0.926652,1.0,0.4809649108396934,0.5190350891603066,1.0946036187445616,1.2120462241375085
278,0.82573235,0.07035787,0.9899999779,0.9490708514073937,0.9342669,1.0,0.4830082719460425,0.5169917280539575,0.8894973351469697,0.9490708514073937
279,1.5191027,0.08502315,1.5999999642,1.5948539952876097,0.9216393,1.0,0.4796109821916157,0.5203890178083843,1.5585228386052603,1.5948539952876097
280,1.249227,0.08705229,1.3199999705,1.4123863696709638,0.9199189,1.0,0.4791446645349241,0.5208553354650759,1.3342094507280133,1.4123863696709638
281,0.9595653,0.06784402,1.0799999759,1.0592220671193031,0.93646634,1.0,0.4835954639230345,0.5164045360769656,1.0110284978226118,1.0592220671193031
282,0.99316573,0.06161659,1.0199999772,0.9819116323860626,0.9419597,1.0,0.4850562497519619,0.5149437502480382,0.9873705034626781,0.9819116323860626
283,0.8974457,0.11186387,1.1299999747,1.2718563488815888,0.8993907,1.0,0.4735153745213467,0.5264846254786533,1.0945671401709445,1.2718563488815888
284,1.087905,0.103583835,1.2699999716,1.3510906841531054,0.9061387,1.0,0.4753792100807947,0.5246207899192054,1.2259777049634497,1.3510906841531054
285,1.7154701,0.33274835,1.78999996,1.78482669493673,0.75032914,1.0,0.4286788816184896,0.5713211183815103,1.7550949769297504,1.78482669493673
286,0.7494742,0.07691127,0.8999999799,0.9792467255423883,0.92858166,1.0,0.4814842309662086,0.5185157690337914,0.8686148909908075,0.9792467255423883
287,0.7078311,0.075312555,0.7499999832,0.7427419803359574,0.9299621,1.0,0.48185510962822,0.51814489037178,0.7259199869056818,0.7427419803359574
288,0.87769455,0.07417663,0.9999999776,1.076012294948242,0.9309456,1.0,0.4821190131797888,0.5178809868202112,0.9803995380964245,1.076012294948242
289,2.4978237,0.14101967,2.5699999426,2.474160806962439,0.87640905,1.0,0.46706716322140523,0.5329328367785948,2.4852129743911773,2.474160806962439
290,0.6072316,0.03353705,0.6799999848,0.7486504122693531,0.96755123,1.0,0.49175402192884876,0.5082459780711512,0.6791071509064701,0.6791071509064701
291,1.9145641,0.1228819,7.5999998301,2.5014562945407444,0.89056563,1.0,0.4710577712111079,0.5289422287888921,2.2249961808382666,2.5014562945407444
292,0.98332036,0.06384698,0.9999999776,0.9770523091214686,0.93998486,1.0,0.48453205917681347,0.5154679408231865,0.9800893784992557,0.9770523091214686
293,1.3066372,0.079181984,1.78999996,1.5781708809576123,0.92662776,1.0,0.4809583754209405,0.5190416245790594,1.447574467468126,1.5781708809576123
294,0.7895691,0.09103046,0.8399999812,0.8330016360851025,0.9165647,1.0,0.47823311238011834,0.5217668876198817,0.8122307495505732,0.8330016360851025
295,0.66791135,0.06679117,1.0199999772,1.160093428009395,0.93739057,1.0,0.48384181402792636,0.5161581859720736,0.9219551589050874,1.160093428009395
296,1.6885599,0.11015763,2.0199999548,1.6247703533186852,0.900773,1.0,0.47389824776850215,0.5261017522314978,1.6550001028800154,1.6247703533186852
297,1.1091509,0.111329176,1.519999966,1.3352144204458964,0.89982337,1.0,0.4736352773334117,0.5263647226665883,1.228142755867343,1.3352144204458964
298,1.5502083,0.12824145,3.309999926,1.7091636814376527,0.88633513,1.0,0.46987150813910705,0.530128491860893,1.6344750908034182,1.7091636814376527
299,0.82973164,0.05935092,0.9299999792,0.9016883183711876,0.9439742,1.0,0.4855898799536096,0.5144101200463904,0.8667468851129112,0.9016883183711876
300,0.79362816,0.065616176,0.8799999803,0.8954468504950109,0.9384242,1.0,0.4841170551221071,0.5158829448778929,0.846154684049343,0.8954468504950109
301,0.87898237,0.09190785,1.1099999752,1.1575955080457045,0.91582817,1.0,0.4780325206100143,0.5219674793899857,1.024409365063291,1.1575955080457045
302,1.1075867,0.07673445,1.2199999727,1.0875358419710532,0.9287341,1.0,0.48152522024232736,0.5184747797576726,1.0971908557574812,1.0875358419710532
303,0.81730187,0.07020628,0.9699999783,0.9573639235619368,0.9343993,1.0,0.48304365262225557,0.5169563473777444,0.8897078373221051,0.9573639235619368
304,0.94009584,0.0717889,1.4499999676,1.0854453008021152,0.9330195,1.0,0.48267464955875433,0.5173253504412457,1.0152888016555552,1.0854453008021152
305,0.65686136,0.070917085,0.7999999821,0.9053882732638003,0.93377906,1.0,0.48287784253631144,0.5171221574636886,0.7853801359126018,0.9053882732638003
306,1.0926509,0.26720747,1.1499999743,0.8642451643484028,0.78913677,1.0,0.4410712371305952,0.5589287628694047,0.9649883604837897,0.8642451643484028
307,0.6072316,0.033285446,0.5499999877,0.5461953091402786,0.9677867,1.0,0.49181484706041073,0.5081851529395892,0.576213871542592,0.576213871542592
308,2.584729,0.63755596,2.0399999544,2.5341395713981445,0.61066616,1.0,0.37913887593054885,0.6208611240694512,2.5533199738944816,2.5341395713981445
309,0.65196395,0.06525717,0.759999983,0.7702855111082967,0.93874043,1.0,0.48420119405409723,0.5157988059459028,0.7129940695516441,0.7702855111082967
310,0.85980827,0.072165385,0.939999979,0.9277930341442746,0.93269193,1.0,0.4825869640239579,0.517413035976042,0.8949844713642565,0.9277930341442746
311,0.768348,0.100221306,1.0199999772,1.2461736573660829,0.90890807,1.0,0.4761403044129888,0.5238596955870112,1.0186615932182095,1.2461736573660829
312,1.6491526,0.12472301,9.3199997917,1.575166301424806,0.8891078,1.0,0.4706495904425984,0.5293504095574016,1.6099879397394803,1.575166301424806
313,2.9160142,0.534735,3.8999999128,2.6445230869451724,0.6515783,1.0,0.39451856707628014,0.6054814329237198,2.751631369667128,2.6445230869451724
314,0.6072316,0.03324536,0.5399999879,0.6018888703587663,0.96782434,1.0,0.4918245598752116,0.5081754401247883,0.6045165643612678,0.6045165643612678
315,0.61858267,0.050081566,0.8099999819,0.7997033626839185,0.9523069,1.0,0.4877854570128632,0.5122145429871368,0.7113553208385679,0.7997033626839185
316,2.292414,0.2776676,6.0799998641,2.9335435695186414,0.78267616,1.0,0.43904562014686005,0.56095437985314,2.6520584181078206,2.9335435695186414
317,0.6072316,0.03346916,0.6799999848,0.737964517120015,0.9676147,1.0,0.4917704188988327,0.5082295811011673,0.6736739440512896,0.6736739440512896
318,0.69594634,0.07562207,0.7999999821,0.7975827328318639,0.92969453,1.0,0.48178326532077226,0.5182167346792278,0.7486160175908207,0.7975827328318639
319,0.6072316,0.034116134,0.6399999857,0.7154954025192337,0.96700937,1.0,0.49161401185499526,0.5083859881450047,0.6622714085686721,0.6622714085686721
320,2.1595268,0.13387579,2.5599999428,2.6672288228091703,0.88193077,1.0,0.46863082492537506,0.5313691750746249,2.4293040167367153,2.6672288228091703
321,0.64171576,0.0680767,0.7999999821,0.8972074573807605,0.9362623,1.0,0.4835410496464363,0.5164589503535637,0.7736667362707279,0.8972074573807605
322,0.8259905,0.06828915,0.9499999788,0.9248888491904073,0.93607616,1.0,0.4834913943637898,0.5165086056362103,0.8770723475049631,0.9248888491904073
323,1.1549395,0.07302031,1.3099999707,1.2958893204824435,0.9319488,1.0,0.4823879339723458,0.5176120660276542,1.2278968433576118,1.2958893204824435
324,3.036695,0.69697356,2.2899999488,5.67079324258165,0.58928436,1.0,0.37078598084059167,0.6292140191594083,4.694106543376815,5.67079324258165
325,1.2030383,0.081211284,1.4099999685,1.4463950719785337,0.92488855,1.0,0.48048940321334394,0.519510596786656,1.3294647385860145,1.4463950719785337
326,0.6459281,0.08265458,0.8299999814,1.0260572880299568,0.9236556,1.0,0.4801564350487733,0.5198435649512266,0.8435358049732873,1.0260572880299568
327,1.9375159,0.22137932,2.0399999544,3.116473326839205,0.8187465,1.0,0.45017076538213263,0.5498292346178674,2.585741139314318,3.116473326839205
328,0.9959449,0.09193586,1.0799999759,1.0039840100594253,0.9158047,1.0,0.47802612225194496,0.521973877748055,1.000141113674365,1.0039840100594253
329,0.6072316,0.033238586,0.6099999864,0.5713659298339395,0.9678307,1.0,0.49182620686087275,0.5081737931391273,0.5890056146964338,0.5890056146964338
330,1.8786756,0.22542956,12.6099997181,1.620271087225302,0.8160404,1.0,0.449351456155687,0.5506485438443129,1.7363855223418918,1.620271087225302
331,0.8122476,0.06986125,0.8799999803,0.9123059493528678,0.9347006,1.0,0.4831241610541827,0.5168758389458173,0.8639653308631987,0.9123059493528678
332,0.6105137,0.042854458,0.759999983,0.8474855799860624,0.9589066,1.0,0.4895111361482165,0.5104888638517835,0.7314851994807526,0.8474855799860624
333,0.6072316,0.0332141,0.5499999877,0.5468375829468436,0.9678536,1.0,0.4918321174504821,0.5081678825495178,0.5765413085837359,0.5765413085837359
334,2.0923352,0.38451886,4.5499998983,10.319999769299896,0.7222726,1.0,0.41937181455894407,0.580628185441056,6.869549159418771,10.319999769299896
335,1.1478056,0.074684314,2.5699999426,1.338718362649439,0.9305059,1.0,0.4820010575353966,0.5179989424646033,1.246698195445411,1.338718362649439
336,0.7616778,0.07641279,0.939999979,0.9829944929539536,0.92901164,1.0,0.4815998111449507,0.5184001888550492,0.8764084161990175,0.9829944929539536
337,0.62771857,0.0606643,0.7899999823,0.8793301386500736,0.94280535,1.0,0.4852803961605609,0.5147196038394392,0.7572279758927621,0.8793301386500736
338,1.2649441,0.08652788,1.5399999656,1.4475930855766745,0.920363,1.0,0.4792651205392456,0.5207348794607545,1.3600557862434217,1.4475930855766745
339,0.8528207,0.081544064,0.8099999819,0.7975165209819722,0.92460406,1.0,0.48041260969743166,0.5195873903025684,0.8240853432832561,0.7975165209819722
340,0.8853239,0.08469288,1.4199999683,1.1531728064722464,0.92192,1.0,0.47968698009491056,0.5203130199050895,1.0246891648198764,1.1531728064722464
341,0.8533336,0.07756056,1.1399999745,1.2193781758014837,0.9280221,1.0,0.48133374252318845,0.5186662574768116,1.043188566549657,1.2193781758014837
342,0.83884645,0.082752235,0.9799999781,1.0848248381396985,0.92357236,1.0,0.4801339320366524,0.5198660679633477,0.9667222650856255,1.0848248381396985
343,0.6860267,0.069137,0.7799999826,0.7670531622835864,0.93533385,1.0,0.4832932824310213,0.5167067175689787,0.7278936136851303,0.7670531622835864
344,1.2509727,0.08871941,1.519999966,1.3373080303798976,0.9185103,1.0,0.47876225073136075,0.5212377492686393,1.295973956175727,1.3373080303798976
345,0.6072316,0.033702828,0.6799999848,0.7297652004728051,0.967396,1.0,0.4917139257260517,0.5082860742739482,0.6695137310972661,0.6695137310972661
346,0.75935656,0.07474385,0.9999999776,1.1238908974009143,0.93045425,1.0,0.48198720697470837,0.5180127930252916,0.948190009462334,1.1238908974009143
347,2.5248625,0.26795542,7.8399998248,5.00403528827613,0.78867126,1.0,0.4409257726135066,0.5590742273864935,3.9109041234416844,5.00403528827613
348,0.6072316,0.033247802,0.5199999884,0.5038202658347821,0.967822,1.0,0.491823959569372,0.508176040430628,0.5546804460164305,0.5546804460164305
349,0.6072316,0.033276893,0.669999985,0.65487537580437,0.9677948,1.0,0.49181692511064506,0.5081830748893549,0.6314433688356438,0.6314433688356438
350,0.75852704,0.066140525,0.8599999808,0.8625625984590883,0.93796265,1.0,0.4839941836063892,0.5160058163936109,0.8122099935097229,0.8625625984590883
351,1.1205348,0.09336404,1.3499999698,1.4185523833135474,0.9146085,1.0,0.4777000043584108,0.5222999956415892,1.27618937178503,1.4185523833135474
352,1.2258955,0.07933862,5.279999882,1.5032964656710706,0.9264933,1.0,0.4809221466261426,0.5190778533738574,1.3698882093385114,1.5032964656710706
353,0.6894929,0.071810804,0.8299999814,0.8489578317934068,0.93300045,1.0,0.4826695449567236,0.5173304550432765,0.7719889567012739,0.8489578317934068
354,0.6836014,0.07347364,0.939999979,0.9375245901688968,0.9315552,1.0,0.4822824664687555,0.5177175335312445,0.8150618777829701,0.9375245901688968
355,1.7226235,0.13191412,1.9899999555,1.7913589922989388,0.8834592,1.0,0.4690620351741794,0.5309379648258206,1.7591177671223601,1.7913589922989388
356,0.6111021,0.045758724,0.7199999839,0.8994607259992471,0.9562435,1.0,0.4888161967951562,0.5111838032048438,0.7585063611718974,0.8994607259992471
357,0.6230829,0.066410415,0.8399999812,0.8738865813450636,0.93772525,1.0,0.4839309638511783,0.5160690361488217,0.7525149025794009,0.8738865813450636
358,0.6076696,0.035498932,0.6599999852,0.671929889698693,0.965718,1.0,0.49128002359057316,0.5087199764094268,0.6403600890820249,0.6403600890820249
359,1.1426332,0.11502083,1.3499999698,1.4646415671673003,0.8968442,1.0,0.47280857560379796,0.527191424396202,1.3123932496086916,1.4646415671673003
360,1.2730713,0.071457766,1.5299999658,1.493229211555307,0.93330795,1.0,0.4827518284350261,0.5172481715649739,1.3869475719274478,1.493229211555307
361,1.2189504,0.07133828,1.33999997,1.2955818730115878,0.93341196,1.0,0.48277965439138376,0.5172203456086163,1.2585857525215745,1.2955818730115878
362,0.78648156,0.06893443,0.8799999803,0.8638715848357146,0.93551105,1.0,0.48334058921942136,0.5166594107805786,0.8264658442822568,0.8638715848357146
363,0.9470137,0.07689307,1.1099999752,1.0837485873846926,0.9285973,1.0,0.4814884295402471,0.5185115704597528,1.0179123097189364,1.0837485873846926
364,0.64230514,0.06182732,0.8099999819,0.8155855186498323,0.94177276,1.0,0.4850066799087138,0.5149933200912862,0.7315433754350842,0.8155855186498323
365,0.9562894,0.08987987,1.2799999714,1.1871051305958265,0.9175323,1.0,0.47849640547310307,0.5215035945268969,1.0766606382468908,1.1871051305958265
366,1.0406793,0.08470053,1.1099999752,1.0736943090489373,0.9219134,1.0,0.47968518893663126,0.5203148110633687,1.0578575152695529,1.0736943090489373
367,1.0631511,0.09267674,1.4499999676,1.305894569863768,0.9151837,1.0,0.477856882342475,0.522143117657525,1.1898979422473412,1.305894569863768
368,0.6072316,0.033337474,0.5499999877,0.5279631900959815,0.96773803,1.0,0.49180227064559634,0.5081977293544037,0.566947582425035,0.566947582425035
369,0.91357654,0.088584706,1.2299999725,1.0218478220316753,0.918624,1.0,0.4787931306956076,0.5212068693043924,0.9700082775382324,1.0218478220316753
370,1.7071596,0.16765594,4.429999901,1.6840441761276213,0.85641664,1.0,0.46132781994241673,0.5386721800575833,1.6947079819469346,1.6840441761276213
371,1.0076852,0.088657,1.2399999723,1.3373080303798976,0.91856295,1.0,0.47877654956506505,0.521223450434935,1.179492341561534,1.3373080303798976
372,1.4068106,0.13108042,1.4999999665,1.104489188110296,0.88411045,1.0,0.46924555319738026,0.5307544468026197,1.246352185650459,1.104489188110296
373,0.6072316,0.033359446,0.6099999864,0.6552857749617574,0.9677175,1.0,0.49179697512681586,0.5082030248731841,0.6316528854210517,0.6316528854210517
374,0.6081605,0.035919596,0.7699999828,0.7436715791918962,0.96532595,1.0,0.4911785502053851,0.508821449794615,0.677111441694102,0.677111441694102
375,1.035747,0.1437097,1.2199999727,3.116473326839205,0.8743478,1.0,0.46648108914939473,0.5335189108506052,2.145853867575464,3.116473326839205
376,2.610686,0.32713962,2.7399999388,2.464367431167354,0.7535002,1.0,0.42971207714019566,0.5702879228598043,2.5272423147058376,2.464367431167354
377,1.2671393,0.07948341,1.5399999656,1.4957040109907391,0.9263691,1.0,0.4808886754616696,0.5191113245383304,1.3857898373694697,1.4957040109907391
378,0.9636322,0.07629152,1.2399999723,1.2720667789154347,0.92911625,1.0,0.4816279213476203,0.5183720786523797,1.1235160863183173,1.2720667789154347
379,0.8260533,0.07700172,0.9599999785,0.9131934248377769,0.92850363,1.0,0.48146325310257276,0.5185367468974272,0.8712386671424139,0.9131934248377769
380,0.74457204,0.07005782,1.0199999772,1.0720269135788094,0.9345289,1.0,0.4830782798957198,0.5169217201042803,0.9138405781584765,1.0720269135788094
381,0.610271,0.04078442,0.7299999837,0.7555620610085808,0.9608138,1.0,0.49000767456069017,0.5099923254393098,0.6843683148090636,0.7555620610085808
382,0.6072316,0.033239715,0.6899999846,0.6564633406783666,0.9678296,1.0,0.4918259144062545,0.5081740855937454,0.6322499031496098,0.6322499031496098
383,1.0021132,0.06806109,1.0799999759,1.044733172551049,0.936276,1.0,0.4835447062382422,0.5164552937617578,1.0241245216021833,1.044733172551049
384,0.90703994,0.11829362,1.0599999763,1.3920200106438876,0.8942195,1.0,0.4720780824758423,0.5279219175241577,1.163071549023953,1.3920200106438876
385,0.60876596,0.03660621,0.7299999837,0.7087417430694717,0.9646865,1.0,0.49101294613155705,0.5089870538684429,0.659652339154903,0.659652339154903
386,0.64866567,0.070634335,0.8899999801,0.838118919667749,0.9340257,1.0,0.4829437905159422,0.5170562094840577,0.746623647496072,0.838118919667749
387,0.73868287,0.0898304,1.0699999761,0.8628969696557863,0.917574,1.0,0.4785077363222099,0.5214922636777901,0.803459560142338,0.8628969696557863
388,0.7180538,0.091758996,0.9799999781,0.9338935946478334,0.9159531,1.0,0.47806655593909964,0.5219334440609004,0.8307078158711557,0.9338935946478334
389,0.6072316,0.03327699,0.5599999875,0.5509347853360851,0.96779466,1.0,0.4918168943248397,0.5081831056751603,0.5786225182325123,0.5786225182325123
390,0.9762544,0.11809866,1.2199999727,1.364777472772532,0.8943755,1.0,0.47212155225666624,0.5278784477433337,1.1813473582630964,1.364777472772532
391,0.93354213,0.078206666,1.1299999747,1.479854343263313,0.927466,1.0,0.48118409724334704,0.5188159027566529,1.216977595255266,1.479854343263313
392,1.1441295,0.08963778,1.3999999687,1.4508138133445558,0.9177362,1.0,0.4785518392738248,0.5214481607261752,1.3040494781490315,1.4508138133445558
393,1.0888473,0.06590466,1.209999973,1.212764727212648,0.93817025,1.0,0.4840494544701264,0.5159505455298736,1.1527825542715568,1.212764727212648
394,0.6266763,0.064570904,0.669999985,0.716930688448905,0.9393456,1.0,0.4843621472534808,0.5156378527465192,0.6732148892467164,0.716930688448905
395,2.4129744,0.34084862,0.6999999844,1.0172750295918136,0.7457963,1.0,0.42719549415522956,0.5728045058447705,1.6135114937145203,1.0172750295918136
396,0.8570585,0.06128873,1.1699999738,0.9889051146860396,0.94225067,1.0,0.48513339912321285,0.5148666008767872,0.9249419305103019,0.9889051146860396
397,3.516991,0.22941387,3.8899999131,3.151734883954752,0.81339574,1.0,0.44854838978991796,0.551451610210082,3.3155698818307235,3.151734883954752
398,1.4353181,0.08686512,1.6699999627,1.6696084170148373,0.92007744,1.0,0.47918767361092784,0.5208123263890722,1.5573393909840885,1.6696084170148373
399,1.6238403,0.15046333,1.5499999654,3.6186065857859884,0.869215,1.0,0.46501606621177194,0.5349839337882281,2.691008229452967,3.6186065857859884
400,0.9995677,0.18203919,1.3699999694,1.368131074233047,0.84599566,1.0,0.45828691844812647,0.5417130815518736,1.1992232954795985,1.368131074233047
